section,Section/ station,Line,Other Line Affected,From,To,Duration
AJJ-RU,AJJ-AJJN,DN,NULL,00:30,03:30,03:00
AJJ-RU,MLPM-AJJN,DN,NULL,00:30,03:30,03:00
AJJ-RU,AJJN-TRT,DN,NULL,00:30,03:30,03:00
AJJ-RU,TRT-POI,DN,NULL,01:00,04:00,03:00
AJJ-RU,POI-VKZ,DN,NULL,01:00,04:00,03:00
AJJ-RU,VKZ-NG,DN,NULL,01:00,04:00,03:00
AJJ-RU,NG-EKM,DN,NULL,01:00,04:00,03:00
AJJ-RU,EKM-VGA,DN,NULL,01:00,04:00,03:00
AJJ-RU,VGA-PUT,DN,NULL,01:00,04:00,03:00
AJJ-RU,PUT-TDK,DN,NULL,01:00,04:00,03:00
AJJ-RU,TDK-PUDI,DN,NULL,01:00,04:00,03:00
AJJ-RU,PUDI-RU,DN,NULL,01:00,04:00,03:00
AJJ-RU,AJJ-AJJN,UP,NULL,23:30,02:30,03:00
AJJ-RU,MLPM-AJJN,UP,NULL,23:30,02:30,03:00
AJJ-RU,AJJN-TRT,UP,NULL,23:30,02:30,03:00
AJJ-RU,TRT-POI,UP,NULL,21:00,00:00,03:00
AJJ-RU,POI-VKZ,UP,NULL,21:00,00:00,03:00
AJJ-RU,VKZ-NG,UP,NULL,21:00,00:00,03:00
AJJ-RU,NG-EKM,UP,NULL,21:00,00:00,03:00
AJJ-RU,EKM-VGA,UP,NULL,21:00,00:00,03:00
AJJ-RU,VGA-PUT,UP,NULL,21:00,00:00,03:00
AJJ-RU,PUT-TDK,UP,NULL,21:00,00:00,03:00
AJJ-RU,TDK-PUDI,UP,NULL,21:00,00:00,03:00
AJJ-RU,PUDI-RU,UP,NULL,21:00,00:00,03:00
AJJ-RU,AJJ-YD,DN,NULL,00:30,03:30,03:00
AJJ-RU,MLPM-YD,DN,NULL,00:30,03:30,03:00
AJJ-RU,AJJN-YD,DN,NULL,00:30,03:30,03:00
AJJ-RU,TRT-YD,DN,NULL,01:00,04:00,03:00
AJJ-RU,POI-YD,DN,NULL,01:00,04:00,03:00
AJJ-RU,NG-YD,DN,NULL,01:00,04:00,03:00
AJJ-RU,VAG-YD,DN,NULL,01:00,04:00,03:00
AJJ-RU,PUT-YD,DN,NULL,01:00,04:00,03:00
AJJ-RU,TDK-YD,DN,NULL,01:00,04:00,03:00
AJJ-RU,PUDI-YD,DN,NULL,01:00,04:00,03:00
AJJ-RU,RU-YD,DN,NULL,01:00,04:00,03:00
AJJ-RU,AJJ-YD,UP,NULL,23:30,02:30,03:00
AJJ-RU,MLPM-YD,UP,NULL,23:30,02:30,03:00
AJJ-RU,AJJN-YD,UP,NULL,23:30,02:30,03:00
AJJ-RU,TRT-YD,UP,NULL,21:00,00:00,03:00
AJJ-RU,POI-YD,UP,NULL,21:00,00:00,03:00
AJJ-RU,NG-YD,UP,NULL,21:00,00:00,03:00
AJJ-RU,VAG-YD,UP,NULL,21:00,00:00,03:00
AJJ-RU,PUT-YD,UP,NULL,21:00,00:00,03:00
AJJ-RU,TDK-YD,UP,NULL,21:00,00:00,03:00
AJJ-RU,PUDI-YD,UP,NULL,21:00,00:00,03:00
AJJ-RU,RU-YD,UP,NULL,21:00,00:00,03:00
MAS-AJJ,MAS-BBQ,Down slow,NULL,00:30,03:30,03:00
MAS-AJJ,MMCC-BBQ,Down slow,NULL,00:30,03:30,03:00
MAS-AJJ,BBQ-VPY,Down slow,NULL,00:30,03:30,03:00
MAS-AJJ,VPY-VLK,Down slow,NULL,00:30,03:30,03:00
MAS-AJJ,VLK-ABU,Down slow,NULL,00:30,03:30,03:00
MAS-AJJ,ABU-AVD,Down slow,NULL,00:30,03:30,03:00
MAS-AJJ,AVD-PAB,Down slow,NULL,00:30,03:30,03:00
MAS-AJJ,PAB-TI,Down slow,NULL,00:30,03:30,03:00
MAS-AJJ,TI-TRL,Down slow,NULL,00:30,03:30,03:00
MAS-AJJ,TRL-KBT,Down slow,NULL,00:30,03:30,03:00
MAS-AJJ,KBT-TO,Down slow,NULL,00:30,03:30,03:00
MAS-AJJ,TO-AJJ,Down slow,NULL,00:30,03:30,03:00
MAS-AJJ,MAS-YD,Down slow,NULL,00:30,03:30,03:00
MAS-AJJ,BBQ-YD,Down slow,NULL,00:30,03:30,03:00
MAS-AJJ,MMCC-YD,Down slow,NULL,00:30,03:30,03:00
MAS-AJJ,VPY-YD,Down slow,NULL,00:30,03:30,03:00
MAS-AJJ,VLK-YD,Down slow,NULL,00:30,03:30,03:00
MAS-AJJ,ABU-YD,Down slow,NULL,00:30,03:30,03:00
MAS-AJJ,AVD-YD,Down slow,NULL,00:30,03:30,03:00
MAS-AJJ,PAB-YD,Down slow,NULL,00:30,03:30,03:00
MAS-AJJ,TI-YD,Down slow,NULL,00:30,03:30,03:00
MAS-AJJ,TRL-YD,Down slow,NULL,00:30,03:30,03:00
MAS-AJJ,KBT-YD,Down slow,NULL,00:30,03:30,03:00
MAS-AJJ,TO-YD,Down slow,NULL,00:30,03:30,03:00
MAS-AJJ,AJJ-YD,Down slow,NULL,00:30,03:30,03:00
MAS-AJJ,MAS-BBQ,Up fast,NULL,22:30,01:30,03:00
MAS-AJJ,MMCC-BBQ,Up fast,NULL,22:30,01:30,03:00
MAS-AJJ,BBQ-VPY,Up fast,NULL,22:30,01:30,03:00
MAS-AJJ,VPY-VLK,Up fast,NULL,22:30,01:30,03:00
MAS-AJJ,VLK-ABU,Up fast,NULL,22:30,01:30,03:00
MAS-AJJ,ABU-AVD,Up fast,NULL,22:30,01:30,03:00
MAS-AJJ,AVD-PAB,Up fast,NULL,22:30,01:30,03:00
MAS-AJJ,PAB-TI,Up fast,NULL,22:30,01:30,03:00
MAS-AJJ,TI-TRL,Up fast,NULL,22:30,01:30,03:00
MAS-AJJ,TRL-KBT,Up fast,NULL,22:30,01:30,03:00
MAS-AJJ,KBT-TO,Up fast,NULL,22:30,01:30,03:00
MAS-AJJ,TO-AJJ,Up fast,NULL,22:30,01:30,03:00
MAS-AJJ,MAS-YD,Up fast,NULL,22:30,01:30,03:00
MAS-AJJ,BBQ-YD,Up fast,NULL,22:30,01:30,03:00
MAS-AJJ,MMCC-YD,Up fast,NULL,22:30,01:30,03:00
MAS-AJJ,VPY-YD,Up fast,NULL,22:30,01:30,03:00
MAS-AJJ,VLK-YD,Up fast,NULL,22:30,01:30,03:00
MAS-AJJ,ABU-YD,Up fast,NULL,22:30,01:30,03:00
MAS-AJJ,AVD-YD,Up fast,NULL,22:30,01:30,03:00
MAS-AJJ,PAB-YD,Up fast,NULL,22:30,01:30,03:00
MAS-AJJ,TI-YD,Up fast,NULL,22:30,01:30,03:00
MAS-AJJ,TRL-YD,Up fast,NULL,22:30,01:30,03:00
MAS-AJJ,KBT-YD,Up fast,NULL,22:30,01:30,03:00
MAS-AJJ,TO-YD,Up fast,NULL,22:30,01:30,03:00
MAS-AJJ,AJJ-YD,Up fast,NULL,22:30,01:30,03:00
MAS-AJJ,MAS-BBQ,Down fast,NULL,00:05,03:05,03:00
MAS-AJJ,MMCC-BBQ,Down fast,NULL,00:05,03:05,03:00
MAS-AJJ,BBQ-VPY,Down fast,NULL,00:05,03:05,03:00
MAS-AJJ,VPY-VLK,Down fast,NULL,00:05,03:05,03:00
MAS-AJJ,VLK-ABU,Down fast,NULL,00:05,03:05,03:00
MAS-AJJ,ABU-AVD,Down fast,NULL,00:05,03:05,03:00
MAS-AJJ,AVD-PAB,Down fast,NULL,00:05,03:05,03:00
MAS-AJJ,PAB-TI,Down fast,NULL,00:05,03:05,03:00
MAS-AJJ,TI-TRL,Down fast,NULL,00:05,03:05,03:00
MAS-AJJ,TRL-KBT,Down fast,NULL,00:05,03:05,03:00
MAS-AJJ,KBT-TO,Down fast,NULL,00:05,03:05,03:00
MAS-AJJ,TO-AJJ,Down fast,NULL,00:05,03:05,03:00
MAS-AJJ,MAS-YD,Down fast,NULL,00:05,03:05,03:00
MAS-AJJ,BBQ-YD,Down fast,NULL,00:05,03:05,03:00
MAS-AJJ,MMCC-YD,Down fast,NULL,00:05,03:05,03:00
MAS-AJJ,VPY-YD,Down fast,NULL,00:05,03:05,03:00
MAS-AJJ,VLK-YD,Down fast,NULL,00:05,03:05,03:00
MAS-AJJ,ABU-YD,Down fast,NULL,00:05,03:05,03:00
MAS-AJJ,AVD-YD,Down fast,NULL,00:05,03:05,03:00
MAS-AJJ,PAB-YD,Down fast,NULL,00:05,03:05,03:00
MAS-AJJ,TI-YD,Down fast,NULL,00:05,03:05,03:00
MAS-AJJ,TRL-YD,Down fast,NULL,00:05,03:05,03:00
MAS-AJJ,KBT-YD,Down fast,NULL,00:05,03:05,03:00
MAS-AJJ,TO-YD,Down fast,NULL,00:05,03:05,03:00
MAS-AJJ,AJJ-YD,Down fast,NULL,00:05,03:05,03:00
MAS-AJJ,MAS-BBQ,Up slow,NULL,23:00,02:00,03:00
MAS-AJJ,MMCC-BBQ,Up slow,NULL,23:00,02:00,03:00
MAS-AJJ,BBQ-VPY,Up slow,NULL,23:00,02:00,03:00
MAS-AJJ,VPY-VLK,Up slow,NULL,23:00,02:00,03:00
MAS-AJJ,VLK-ABU,Up slow,NULL,23:00,02:00,03:00
MAS-AJJ,ABU-AVD,Up slow,NULL,23:00,02:00,03:00
MAS-AJJ,AVD-PAB,Up slow,NULL,23:00,02:00,03:00
MAS-AJJ,PAB-TI,Up slow,NULL,23:00,02:00,03:00
MAS-AJJ,TI-TRL,Up slow,NULL,23:00,02:00,03:00
MAS-AJJ,TRL-KBT,Up slow,NULL,23:00,02:00,03:00
MAS-AJJ,KBT-TO,Up slow,NULL,23:00,02:00,03:00
MAS-AJJ,TO-AJJ,Up slow,NULL,23:00,02:00,03:00
MAS-AJJ,MAS-YD,Up slow,NULL,23:00,02:00,03:00
MAS-AJJ,BBQ-YD,Up slow,NULL,23:00,02:00,03:00
MAS-AJJ,MMCC-YD,Up slow,NULL,23:00,02:00,03:00
MAS-AJJ,VPY-YD,Up slow,NULL,23:00,02:00,03:00
MAS-AJJ,VLK-YD,Up slow,NULL,23:00,02:00,03:00
MAS-AJJ,ABU-YD,Up slow,NULL,23:00,02:00,03:00
MAS-AJJ,AVD-YD,Up slow,NULL,23:00,02:00,03:00
MAS-AJJ,PAB-YD,Up slow,NULL,23:00,02:00,03:00
MAS-AJJ,TI-YD,Up slow,NULL,23:00,02:00,03:00
MAS-AJJ,TRL-YD,Up slow,NULL,23:00,02:00,03:00
MAS-AJJ,KBT-YD,Up slow,NULL,23:00,02:00,03:00
MAS-AJJ,TO-YD,Up slow,NULL,23:00,02:00,03:00
MAS-AJJ,AJJ-YD,Up slow,NULL,23:00,02:00,03:00
AJJ-KPD,AJJ-MLPM,Down line,NULL,01:00,04:00,03:00
AJJ-KPD,MLPM-CTRE,Down line,NULL,01:00,04:00,03:00
AJJ-KPD,CTRE-MDVE,Down line,NULL,01:00,04:00,03:00
AJJ-KPD,MDVE-SHU,Down line,NULL,01:00,04:00,03:00
AJJ-KPD,SHU-TUG,Down line,NULL,01:00,04:00,03:00
AJJ-KPD,TUG-WJR,Down line,NULL,01:00,04:00,03:00
AJJ-KPD,WJR-MCN,Down line,NULL,01:00,04:00,03:00
AJJ-KPD,MCN-THL,Down line,NULL,01:00,04:00,03:00
AJJ-KPD,THL-SVUR,Down line,NULL,01:00,04:00,03:00
AJJ-KPD,SVUR-KPD,Down line,NULL,01:00,04:00,03:00
AJJ-KPD,AJJ-YD,Down line,NULL,01:00,04:00,03:00
AJJ-KPD,MLPM-YD,Down line,NULL,01:00,04:00,03:00
AJJ-KPD,CTRE-YD,Down line,NULL,01:00,04:00,03:00
AJJ-KPD,MDVE-YD,Down line,NULL,01:00,04:00,03:00
AJJ-KPD,SHU-YD,Down line,NULL,01:00,04:00,03:00
AJJ-KPD,TUG-YD,Down line,NULL,01:00,04:00,03:00
AJJ-KPD,WJR-YD,Down line,NULL,01:00,04:00,03:00
AJJ-KPD,MCN-YD,Down line,NULL,01:00,04:00,03:00
AJJ-KPD,THL-YD,Down line,NULL,01:00,04:00,03:00
AJJ-KPD,SVUR-YD,Down line,NULL,01:00,04:00,03:00
AJJ-KPD,KPD-YD,Down line,NULL,01:00,04:00,03:00
KPD-JTJ,KPD-LTI,Down line,NULL,11:40,14:40,03:00
KPD-JTJ,LTI-KVN,Down line,NULL,11:40,14:40,03:00
KPD-JTJ,KVN-GYM,Down line,NULL,11:40,14:40,03:00
KPD-JTJ,GYM-VLT,Down line,NULL,11:40,14:40,03:00
KPD-JTJ,VLT-MPI,Down line,NULL,11:40,14:40,03:00
KPD-JTJ,MPI-PCKM,Down line,NULL,11:40,14:40,03:00
KPD-JTJ,PCKM-AB,Down line,NULL,11:40,14:40,03:00
KPD-JTJ,AB-VGM,Down line,NULL,11:40,14:40,03:00
KPD-JTJ,VGM-VN,Down line,NULL,11:40,14:40,03:00
KPD-JTJ,VN-KDY,Down line,NULL,11:40,14:40,03:00
KPD-JTJ,KDY-JTJ,Down line,NULL,11:40,14:40,03:00
KPD-JTJ,KPD-YD,Down line,NULL,11:40,14:40,03:00
KPD-JTJ,LTI-YD,Down line,NULL,11:40,14:40,03:00
KPD-JTJ,KVN-YD,Down line,NULL,11:40,14:40,03:00
KPD-JTJ,GYM-YD,Down line,NULL,11:40,14:40,03:00
KPD-JTJ,VLT-YD,Down line,NULL,11:40,14:40,03:00
KPD-JTJ,MPI-YD,Down line,NULL,11:40,14:40,03:00
KPD-JTJ,PCKM-YD,Down line,NULL,11:40,14:40,03:00
KPD-JTJ,AB-YD,Down line,NULL,11:40,14:40,03:00
KPD-JTJ,VGM-YD,Down line,NULL,11:40,14:40,03:00
KPD-JTJ,VN-YD,Down line,NULL,11:40,14:40,03:00
KPD-JTJ,KDY-YD,Down line,NULL,11:40,14:40,03:00
KPD-JTJ,JTJ-YD,Down line,NULL,11:40,14:40,03:00
AJJ-KPD,AJJ-MLPM,UP line,NULL,22:00,01:00,03:00
AJJ-KPD,MLPM-CTRE,UP line,NULL,22:00,01:00,03:00
AJJ-KPD,CTRE-MDVE,UP line,NULL,22:00,01:00,03:00
AJJ-KPD,MDVE-SHU,UP line,NULL,22:00,01:00,03:00
AJJ-KPD,SHU-TUG,UP line,NULL,22:00,01:00,03:00
AJJ-KPD,TUG-WJR,UP line,NULL,22:00,01:00,03:00
AJJ-KPD,WJR-MCN,UP line,NULL,22:00,01:00,03:00
AJJ-KPD,MCN-THL,UP line,NULL,22:00,01:00,03:00
AJJ-KPD,THL-SVUR,UP line,NULL,22:00,01:00,03:00
AJJ-KPD,SVUR-KPD,UP line,NULL,22:00,01:00,03:00
AJJ-KPD,AJJ-YD,UP line,NULL,22:00,01:00,03:00
AJJ-KPD,MLPM-YD,UP line,NULL,22:00,01:00,03:00
AJJ-KPD,CTRE-YD,UP line,NULL,22:00,01:00,03:00
AJJ-KPD,MDVE-YD,UP line,NULL,22:00,01:00,03:00
AJJ-KPD,SHU-YD,UP line,NULL,22:00,01:00,03:00
AJJ-KPD,TUG-YD,UP line,NULL,22:00,01:00,03:00
AJJ-KPD,WJR-YD,UP line,NULL,22:00,01:00,03:00
AJJ-KPD,MCN-YD,UP line,NULL,22:00,01:00,03:00
AJJ-KPD,THL-YD,UP line,NULL,22:00,01:00,03:00
AJJ-KPD,SVUR-YD,UP line,NULL,22:00,01:00,03:00
AJJ-KPD,KPD-YD,UP line,NULL,22:00,01:00,03:00
KPD-JTJ,KPD-LTI,UP line,NULL,20:55,23:55,03:00
KPD-JTJ,LTI-KVN,UP line,NULL,20:55,23:55,03:00
KPD-JTJ,KVN-GYM,UP line,NULL,20:55,23:55,03:00
KPD-JTJ,GYM-VLT,UP line,NULL,20:55,23:55,03:00
KPD-JTJ,VLT-MPI,UP line,NULL,20:55,23:55,03:00
KPD-JTJ,MPI-PCKM,UP line,NULL,20:55,23:55,03:00
KPD-JTJ,PCKM-AB,UP line,NULL,20:55,23:55,03:00
KPD-JTJ,AB-VGM,UP line,NULL,20:55,23:55,03:00
KPD-JTJ,VGM-VN,UP line,NULL,20:55,23:55,03:00
KPD-JTJ,VN-KDY,UP line,NULL,20:55,23:55,03:00
KPD-JTJ,KDY-JTJ,UP line,NULL,20:55,23:55,03:00
KPD-JTJ,KPD-YD,UP line,NULL,20:55,23:55,03:00
KPD-JTJ,LTI-YD,UP line,NULL,20:55,23:55,03:00
KPD-JTJ,KVN-YD,UP line,NULL,20:55,23:55,03:00
KPD-JTJ,GYM-YD,UP line,NULL,20:55,23:55,03:00
KPD-JTJ,VLT-YD,UP line,NULL,20:55,23:55,03:00
KPD-JTJ,MPI-YD,UP line,NULL,20:55,23:55,03:00
KPD-JTJ,PCKM-YD,UP line,NULL,20:55,23:55,03:00
KPD-JTJ,AB-YD,UP line,NULL,20:55,23:55,03:00
KPD-JTJ,VGM-YD,UP line,NULL,20:55,23:55,03:00
KPD-JTJ,VN-YD,UP line,NULL,20:55,23:55,03:00
KPD-JTJ,KDY-YD,UP line,NULL,20:55,23:55,03:00
KPD-JTJ,JTJ-YD,UP line,NULL,20:55,23:55,03:00
AJJ-CGL,CGL-RDY,UP line,NULL,01:00,04:00,03:00
AJJ-CGL,RDY-VB,UP line,NULL,01:00,04:00,03:00
AJJ-CGL,VB-PALR,UP line,NULL,01:00,04:00,03:00
AJJ-CGL,PALR-PYV,UP line,NULL,01:00,04:00,03:00
AJJ-CGL,PYV-WJ,UP line,NULL,01:00,04:00,03:00
AJJ-CGL,WJ-NTT,UP line,NULL,01:00,04:00,03:00
AJJ-CGL,NTT-CJ(O),UP line,NULL,01:00,04:00,03:00
AJJ-CGL,CJ(O)-CJ(E),UP line,NULL,01:00,04:00,03:00
AJJ-CGL,CJ(E)-TMLP,UP line,NULL,01:00,04:00,03:00
AJJ-CGL,TMLP-TKO,UP line,NULL,01:00,04:00,03:00
AJJ-CGL,TKO-MLPM,UP line,NULL,01:00,04:00,03:00
AJJ-CGL,MLPM-AJJ,UP line,NULL,01:00,04:00,03:00
AJJ-CGL,CGL-YD,UP line,NULL,01:00,04:00,03:00
AJJ-CGL,PALR-YD,UP line,NULL,01:00,04:00,03:00
AJJ-CGL,WJ-YD,UP line,NULL,01:00,04:00,03:00
AJJ-CGL,CJ(O)-YD,UP line,NULL,01:00,04:00,03:00
AJJ-CGL,CJ(E)-YD,UP line,NULL,01:00,04:00,03:00
AJJ-CGL,TMLP-YD,UP line,NULL,01:00,04:00,03:00
AJJ-CGL,MLPM-YD,UP line,NULL,01:00,04:00,03:00
AJJ-CGL,AJJ-YD,UP line,NULL,01:00,04:00,03:00
AJJ-CGL,CGL-RDY,Down line,NULL,01:00,04:00,03:00
AJJ-CGL,RDY-VB,Down line,NULL,01:00,04:00,03:00
AJJ-CGL,VB-PALR,Down line,NULL,01:00,04:00,03:00
AJJ-CGL,PALR-PYV,Down line,NULL,01:00,04:00,03:00
AJJ-CGL,PYV-WJ,Down line,NULL,01:00,04:00,03:00
AJJ-CGL,WJ-NTT,Down line,NULL,01:00,04:00,03:00
AJJ-CGL,NTT-CJ(O),Down line,NULL,01:00,04:00,03:00
AJJ-CGL,CJ(O)-CJ(E),Down line,NULL,01:00,04:00,03:00
AJJ-CGL,CJ(E)-TMLP,Down line,NULL,01:00,04:00,03:00
AJJ-CGL,TMLP-TKO,Down line,NULL,01:00,04:00,03:00
AJJ-CGL,TKO-MLPM,Down line,NULL,01:00,04:00,03:00
AJJ-CGL,MLPM-AJJ,Down line,NULL,01:00,04:00,03:00
AJJ-CGL,CGL-YD,Down line,NULL,01:00,04:00,03:00
AJJ-CGL,PALR-YD,Down line,NULL,01:00,04:00,03:00
AJJ-CGL,WJ-YD,Down line,NULL,01:00,04:00,03:00
AJJ-CGL,CJ(O)-YD,Down line,NULL,01:00,04:00,03:00
AJJ-CGL,CJ(E)-YD,Down line,NULL,01:00,04:00,03:00
AJJ-CGL,TMLP-YD,Down line,NULL,01:00,04:00,03:00
AJJ-CGL,MLPM-YD,Down line,NULL,01:00,04:00,03:00
AJJ-CGL,AJJ-YD,Down line,NULL,01:00,04:00,03:00
MAS-GDR,MMC-BBQ,Down Slow,NULL,00:30,03:30,03:00
MAS-GDR,BBQ-KOK,Down Slow,NULL,00:35,03:35,03:00
MAS-GDR,KOK-TNP,Down Slow,NULL,00:40,03:40,03:00
MAS-GDR,TNP-TVT,Down Slow,NULL,00:45,03:45,03:00
MAS-GDR,TVT-ENR,Down Slow,NULL,00:50,03:50,03:00
MAS-GDR,ENR-AIP,Down Slow,NULL,01:00,04:00,03:00
MAS-GDR,AIP-AIPP,Down Slow,NULL,01:10,04:10,03:00
MAS-GDR,AIPP-MJR,Down line,NULL,01:20,04:20,03:00
MAS-GDR,MJR-PON,Down line,NULL,01:30,04:30,03:00
MAS-GDR,PON-KVP,Down line,NULL,01:40,04:40,03:00
MAS-GDR,KVP-GPD,Down line,NULL,01:45,04:45,03:00
MAS-GDR,MMC-YD,Down Slow,NULL,00:30,03:30,03:00
MAS-GDR,BBQ-YD,Down Slow,NULL,00:35,03:35,03:00
MAS-GDR,KOK-YD,Down Slow,NULL,00:40,03:40,03:00
MAS-GDR,TNP-YD,Down Slow,NULL,00:45,03:45,03:00
MAS-GDR,TVT-YD,Down Slow,NULL,00:50,03:50,03:00
MAS-GDR,ENR-YD,Down Slow,NULL,01:00,04:00,03:00
MAS-GDR,AIP-YD,Down Slow,NULL,01:10,04:10,03:00
MAS-GDR,AIPP-YD,Down Slow,NULL,01:20,04:20,03:00
MAS-GDR,MMC-YD,Down Fast,NULL,00:30,03:30,03:00
MAS-GDR,BBQ-YD,Down Fast,NULL,00:35,03:35,03:00
MAS-GDR,KOK-YD,Down Fast,NULL,11:00,14:00,03:00
MAS-GDR,TNP-YD,Down Fast,NULL,11:10,14:10,03:00
MAS-GDR,TVT-YD,Down Fast,NULL,11:25,14:25,03:00
MAS-GDR,ENR-YD,Down Fast,NULL,11:35,14:35,03:00
MAS-GDR,AIP-YD,Down Fast,NULL,11:45,14:45,03:00
MAS-GDR,AIPP-YD,Down Fast,NULL,11:55,14:55,03:00
MAS-GDR,MMC-BBQ,Down Fast,NULL,00:30,03:30,03:00
MAS-GDR,BBQ-KOK,Down Fast,NULL,00:35,03:35,03:00
MAS-GDR,KOK-TNP,Down Fast,NULL,11:00,14:00,03:00
MAS-GDR,TNP-TVT,Down Fast,NULL,11:10,14:10,03:00
MAS-GDR,TVT-ENR,Down Fast,NULL,11:25,14:25,03:00
MAS-GDR,ENR-AIP,Down Fast,NULL,11:35,14:35,03:00
MAS-GDR,AIP-AIPP,Down Fast,NULL,11:45,14:45,03:00
MAS-GDR,MJR-YD,Down line,NULL,01:20,04:20,03:00
MAS-GDR,PON-YD,Down line,NULL,01:30,04:30,03:00
MAS-GDR,KVP-YD,Down line,NULL,01:40,04:40,03:00
MAS-GDR,GPD-YD,Down line,NULL,01:45,04:45,03:00
MAS-GDR,GPD-ELR,Down line,NULL,01:45,04:45,03:00
MAS-GDR,ELR-AKM,Down line,NULL,01:50,04:50,03:00
MAS-GDR,AKM-TAD,Down line,NULL,02:00,05:00,03:00
MAS-GDR,TAD-AKAT,Down line,NULL,02:05,05:05,03:00
MAS-GDR,AKAT-SPE,Down line,NULL,02:10,05:10,03:00
MAS-GDR,ELR-YD,Down line,NULL,01:50,04:50,03:00
MAS-GDR,AKM-YD,Down line,NULL,02:00,05:00,03:00
MAS-GDR,TAD-YD,Down line,NULL,02:05,05:05,03:00
MAS-GDR,SPE-YD,Down line,NULL,02:15,05:15,03:00
MAS-GDR,SPE-PEL,Down line,NULL,02:15,05:15,03:00
MAS-GDR,PEL-DVR,Down line,NULL,02:20,05:20,03:00
MAS-GDR,DVR-NYP,Down line,NULL,02:30,05:30,03:00
MAS-GDR,NYP-PYA,Down line,NULL,02:40,05:40,03:00
MAS-GDR,PYA-ODR,Down line,NULL,02:50,05:50,03:00
MAS-GDR,ODR-GDR,Down line,NULL,03:00,06:00,03:00
MAS-GDR,PEL-YD,Down line,NULL,02:20,05:20,03:00
MAS-GDR,DVR-YD,Down line,NULL,02:30,05:30,03:00
MAS-GDR,NYP-YD,Down line,NULL,02:40,05:40,03:00
MAS-GDR,PYA-YD,Down line,NULL,02:50,05:50,03:00
MAS-GDR,ODR-YD,Down line,NULL,03:00,06:00,03:00
MAS-GDR,GDR-YD,Down line,NULL,02:00,05:00,03:00
MAS-GDR,MMC-BBQ,UP slow,NULL,23:55,02:55,03:00
MAS-GDR,BBQ-KOK,UP slow,NULL,23:40,02:40,03:00
MAS-GDR,KOK-TNP,UP slow,NULL,23:35,02:35,03:00
MAS-GDR,TNP-TVT,UP slow,NULL,23:30,02:30,03:00
MAS-GDR,TVT-ENR,UP slow,NULL,23:25,02:25,03:00
MAS-GDR,ENR-AIP,UP slow,NULL,23:20,02:20,03:00
MAS-GDR,AIP-AIPP,UP slow,NULL,23:15,02:15,03:00
MAS-GDR,AIPP-MJR,UP line,NULL,23:10,02:10,03:00
MAS-GDR,MJR-PON,UP line,NULL,23:05,02:05,03:00
MAS-GDR,PON-KVP,UP line,NULL,22:50,01:50,03:00
MAS-GDR,KVP-GPD,UP line,NULL,22:40,01:40,03:00
MAS-GDR,MMC-YD,UP slow,NULL,23:55,02:55,03:00
MAS-GDR,BBQ-YD,UP slow,NULL,23:40,02:40,03:00
MAS-GDR,KOK-YD,UP slow,NULL,23:35,02:35,03:00
MAS-GDR,TNP-YD,UP slow,NULL,23:30,02:30,03:00
MAS-GDR,TVT-YD,UP slow,NULL,23:25,02:25,03:00
MAS-GDR,ENR-YD,UP slow,NULL,23:20,02:20,03:00
MAS-GDR,AIP-YD,UP slow,NULL,23:15,02:15,03:00
MAS-GDR,MMC-YD,UP fast,NULL,22:30,01:30,03:00
MAS-GDR,BBQ-YD,UP fast,NULL,22:30,01:30,03:00
MAS-GDR,KOK-YD,UP fast,NULL,11:45,14:45,03:00
MAS-GDR,TNP-YD,UP fast,NULL,11:45,14:45,03:00
MAS-GDR,TVT-YD,UP fast,NULL,11:35,14:35,03:00
MAS-GDR,ENR-YD,UP fast,NULL,11:25,14:25,03:00
MAS-GDR,AIP-YD,UP fast,NULL,11:10,14:10,03:00
MAS-GDR,MAS-GPD,UP fast,NULL,23:55,02:55,03:00
MAS-GDR,MMC-BBQ,UP fast,NULL,23:55,02:55,03:00
MAS-GDR,BBQ-KOK,UP fast,NULL,23:40,02:40,03:00
MAS-GDR,KOK-TNP,UP fast,NULL,11:45,14:45,03:00
MAS-GDR,TNP-TVT,UP fast,NULL,11:35,14:35,03:00
MAS-GDR,TVT-ENR,UP fast,NULL,11:25,14:25,03:00
MAS-GDR,ENR-AIP,UP fast,NULL,11:10,14:10,03:00
MAS-GDR,AIP-AIPP,UP fast,NULL,11:00,14:00,03:00
MAS-GDR,AIPP-YD,UP line,NULL,23:10,02:10,03:00
MAS-GDR,MJR-YD,UP line,NULL,23:05,02:05,03:00
MAS-GDR,PON-YD,UP line,NULL,22:50,01:50,03:00
MAS-GDR,KVP-YD,UP line,NULL,22:40,01:40,03:00
MAS-GDR,GPD-YD,UP line,NULL,22:35,01:35,03:00
MAS-GDR,GPD-ELR,UP line,NULL,22:35,01:35,03:00
MAS-GDR,ELR-AKM,UP line,NULL,22:30,01:30,03:00
MAS-GDR,AKM-TAD,UP line,NULL,22:25,01:25,03:00
MAS-GDR,TAD-AKAT,UP line,NULL,22:20,01:20,03:00
MAS-GDR,AKAT-SPE,UP line,NULL,22:20,01:20,03:00
MAS-GDR,ELR-YD,UP line,NULL,22:30,01:30,03:00
MAS-GDR,AKM-YD,UP line,NULL,22:25,01:25,03:00
MAS-GDR,TAD-YD,UP line,NULL,22:20,01:20,03:00
MAS-GDR,SPE-YD,UP line,NULL,22:15,01:15,03:00
MAS-GDR,SPE-PEL,UP line,NULL,22:15,01:15,03:00
MAS-GDR,PEL-DVR,UP line,NULL,22:05,01:05,03:00
MAS-GDR,DVR-NYP,UP line,NULL,22:00,01:00,03:00
MAS-GDR,NYP-PYA,UP line,NULL,21:50,00:50,03:00
MAS-GDR,PYA-ODR,UP line,NULL,21:40,00:40,03:00
MAS-GDR,ODR-GDR,UP line,NULL,21:30,00:30,03:00
MAS-GDR,PEL-YD,UP line,NULL,22:05,01:05,03:00
MAS-GDR,DVR-YD,UP line,NULL,22:00,01:00,03:00
MAS-GDR,NYP-YD,UP line,NULL,21:50,00:50,03:00
MAS-GDR,PYA-YD,UP line,NULL,21:40,00:40,03:00
MAS-GDR,ODR-YD,UP line,NULL,21:30,00:30,03:00
MAS-GDR,GDR-YD,UP line,NULL,21:30,00:30,03:00
MAS-GDR,MMC-YD,Down Fast,UP fast,11:00,14:00,03:00
MAS-GDR,BBQ-YD,Down Fast,UP fast,11:00,14:00,03:00
MAS-GDR,KOK-YD,Down Fast,UP fast,11:00,14:00,03:00
MAS-GDR,TNP-YD,Down Fast,UP fast,11:00,14:00,03:00
MAS-GDR,TVT-YD,Down Fast,UP fast,11:00,14:00,03:00
MAS-GDR,ENR-YD,Down Fast,UP fast,11:00,14:00,03:00
MAS-GDR,AIP-YD,Down Fast,UP fast,11:00,14:00,03:00
MAS-GDR,AIPP-YD,Down Fast,UP fast,11:00,14:00,03:00
MAS-GDR,MMC-BBQ,Down Fast,UP fast,11:00,14:00,03:00
MAS-GDR,BBQ-KOK,Down Fast,UP fast,11:00,14:00,03:00
MAS-GDR,KOK-TNP,Down Fast,UP fast,11:00,14:00,03:00
MAS-GDR,TNP-TVT,Down Fast,UP fast,11:00,14:00,03:00
MAS-GDR,TVT-ENR,Down Fast,UP fast,11:00,14:00,03:00
MAS-GDR,ENR-AIP,Down Fast,UP fast,11:00,14:00,03:00
MAS-GDR,AIP-AIPP,Down Fast,UP fast,11:00,14:00,03:00
MAS-GDR,MMC-BBQ,UP slow,Down Slow,00:00,02:45,02:45
MAS-GDR,BBQ-KOK,UP slow,Down Slow,00:00,02:45,02:45
MAS-GDR,KOK-TNP,UP slow,Down Slow,00:00,02:30,02:30
MAS-GDR,TNP-TVT,UP slow,Down Slow,00:00,02:30,02:30
MAS-GDR,TVT-ENR,UP slow,Down Slow,00:15,02:30,02:15
MAS-GDR,ENR-AIP,UP slow,Down Slow,00:15,02:30,02:15
MAS-GDR,AIP-AIPP,UP slow,Down Slow,00:15,02:30,02:15
MAS-GDR,AIPP-MJR,UP line,Down line,00:15,02:15,02:00
MAS-GDR,MJR-PON,UP line,Down line,00:15,02:15,02:00
MAS-GDR,PON-KVP,UP line,Down line,00:30,02:15,01:45
MAS-GDR,KVP-GPD,UP line,Down line,00:40,02:15,01:35
MAS-GDR,GPD-ELR,UP line,Down line,01:00,02:10,01:10
MAS-GDR,ELR-AKM,UP line,Down line,00:40,01:55,01:15
MAS-GDR,AKM-TAD,UP line,Down line,00:45,01:50,01:05
MAS-GDR,TAD-AKAT,UP line,Down line,00:45,01:50,01:05
MAS-GDR,AKAT-SPE,UP line,Down line,00:45,01:45,01:00
MAS-GDR,SPE-PEL,UP line,Down line,00:55,01:45,00:50
MAS-GDR,PEL-DVR,UP line,Down line,12:30,14:00,01:30
MAS-GDR,DVR-NYP,UP line,Down line,12:25,13:55,01:30
MAS-GDR,NYP-PYA,UP line,Down line,12:30,14:45,02:15
MAS-GDR,PYA-ODR,UP line,Down line,12:35,13:45,01:10
MAS-GDR,ODR-GDR,UP line,Down line,12:30,13:30,01:00
MAS-GDR,MMC-YD,Down Slow,UP slow,00:00,02:45,02:45
MAS-GDR,BBQ-YD,Down Slow,UP slow,00:00,02:45,02:45
MAS-GDR,KOK-YD,Down Slow,UP slow,00:00,02:30,02:30
MAS-GDR,TNP-YD,Down Slow,UP slow,00:00,02:30,02:30
MAS-GDR,TVT-YD,Down Slow,UP slow,00:15,02:30,02:15
MAS-GDR,ENR-YD,Down Slow,UP slow,00:15,02:30,02:15
MAS-GDR,AIP-YD,Down Slow,UP slow,00:15,02:30,02:15
MAS-GDR,AIPP-YD,Down Slow,UP slow,00:15,02:15,02:00
MAS-GDR,MJR-YD,Down line,UP line,00:15,02:15,02:00
MAS-GDR,PON-YD,Down line,UP line,00:30,02:15,01:45
MAS-GDR,KVP-YD,Down line,UP line,00:40,02:15,01:35
MAS-GDR,GPD-YD,Down line,UP line,01:00,02:10,01:10
MAS-GDR,ELR-YD,Down line,UP line,00:40,01:55,01:15
MAS-GDR,AKM-YD,Down line,UP line,00:45,01:50,01:05
MAS-GDR,TAD-YD,Down line,UP line,00:45,01:50,01:05
MAS-GDR,SPE-YD,Down line,UP line,00:55,01:45,00:50
MAS-GDR,PEL-YD,Down line,UP line,12:30,14:00,01:30
MAS-GDR,DVR-YD,Down line,UP line,12:25,13:55,01:30
MAS-GDR,NYP-YD,Down line,UP line,12:30,14:45,02:15
MAS-GDR,PYA-YD,Down line,UP line,12:35,13:45,01:10
MAS-GDR,ODR-YD,Down line,UP line,12:30,13:30,01:00
MAS-GDR,GDR-YD,Down line,UP line,12:30,13:30,01:00
MSB-VM,MS-MKK,A line,NULL,01:00,04:00,03:00
MSB-VM,MKK-MBM,A line,NULL,01:00,04:00,03:00
MSB-VM,MBM-STM,A line,NULL,01:00,04:00,03:00
MSB-VM,STM-PV,A line,NULL,01:00,04:00,03:00
MSB-VM,PV-TBM,A line,NULL,01:00,04:00,03:00
MSB-VM,MS-YD,A line,NULL,01:00,04:00,03:00
MSB-VM,MKK-YD,A line,NULL,01:00,04:00,03:00
MSB-VM,MBM-YD,A line,NULL,01:00,04:00,03:00
MSB-VM,STM-YD,A line,NULL,01:00,04:00,03:00
MSB-VM,PV-YD,A line,NULL,01:00,04:00,03:00
MSB-VM,MS-MKK,Down Sub urban,NULL,01:30,04:30,03:00
MSB-VM,MKK-MBM,Down Sub urban,NULL,01:30,04:30,03:00
MSB-VM,MBM-STM,Down Sub urban,NULL,01:30,04:30,03:00
MSB-VM,STM-PV,Down Sub urban,NULL,01:30,04:30,03:00
MSB-VM,PV-TBM,Down Sub urban,NULL,01:30,04:30,03:00
MSB-VM,MS-YD,Down Sub urban,NULL,01:30,04:30,03:00
MSB-VM,MKK-YD,Down Sub urban,NULL,01:30,04:30,03:00
MSB-VM,MBM-YD,Down Sub urban,NULL,01:30,04:30,03:00
MSB-VM,STM-YD,Down Sub urban,NULL,01:30,04:30,03:00
MSB-VM,PV-YD,Down Sub urban,NULL,01:30,04:30,03:00
MSB-VM,TBM-PRGL,Down line,NULL,01:30,04:30,03:00
MSB-VM,PRGL-VDR,Down line,NULL,01:30,04:30,03:00
MSB-VM,VDR-UPM,Down line,NULL,01:30,04:30,03:00
MSB-VM,UPM-GI,Down line,NULL,01:30,04:30,03:00
MSB-VM,POTI-CTM,Down line,NULL,01:30,04:30,03:00
MSB-VM,CTM-MMNK,Down line,NULL,01:30,04:30,03:00
MSB-VM,MMNK-SKL,Down line,NULL,01:30,04:30,03:00
MSB-VM,SKL-PWU,Down line,NULL,01:30,04:30,03:00
MSB-VM,PWU-CGL,Down line,NULL,01:30,04:30,03:00
MSB-VM,TBM-YD,Down line,NULL,01:30,04:30,03:00
MSB-VM,VDR-YD,Down line,NULL,01:30,04:30,03:00
MSB-VM,GI-YD,Down line,NULL,01:30,04:30,03:00
MSB-VM,CTM-YD,Down line,NULL,01:30,04:30,03:00
MSB-VM,SKL-YD,Down line,NULL,01:30,04:30,03:00
MSB-VM,CGL-YD,Down line,NULL,01:30,04:30,03:00
MSB-VM,CGL-OV,Down line,NULL,02:00,05:00,03:00
MSB-VM,OV-PTM,Down line,NULL,02:00,05:00,03:00
MSB-VM,PTM-KGZ,Down line,NULL,02:00,05:00,03:00
MSB-VM,KGZ-MMK,Down line,NULL,02:00,05:00,03:00
MSB-VM,MMK-MLMR,Down line,NULL,02:00,05:00,03:00
MSB-VM,MLMR-ACK,Down line,NULL,02:00,05:00,03:00
MSB-VM,ACK-TZD,Down line,NULL,02:00,05:00,03:00
MSB-VM,TZD-OLA,Down line,NULL,02:00,05:00,03:00
MSB-VM,OLA-TMV,Down line,NULL,02:00,05:00,03:00
MSB-VM,TMV-MTL,Down line,NULL,02:00,05:00,03:00
MSB-VM,MTL-PEI,Down line,NULL,02:00,05:00,03:00
MSB-VM,PEI-VVN,Down line,NULL,02:00,05:00,03:00
MSB-VM,VVN-MYP,Down line,NULL,02:00,05:00,03:00
MSB-VM,MYP-VM,Down line,NULL,02:00,05:00,03:00
MSB-VM,OV-YD,Down line,NULL,02:00,05:00,03:00
MSB-VM,KGZ-YD,Down line,NULL,02:00,05:00,03:00
MSB-VM,MMK-YD,Down line,NULL,02:00,05:00,03:00
MSB-VM,MLMR-YD,Down line,NULL,02:00,05:00,03:00
MSB-VM,TZD-YD,Down line,NULL,02:00,05:00,03:00
MSB-VM,OLA-YD,Down line,NULL,02:00,05:00,03:00
MSB-VM,TMV-YD,Down line,NULL,02:00,05:00,03:00
MSB-VM,MTL-YD,Down line,NULL,02:00,05:00,03:00
MSB-VM,PEI-YD,Down line,NULL,02:00,05:00,03:00
MSB-VM,VVN-YD,Down line,NULL,02:00,05:00,03:00
MSB-VM,MYP-YD,Down line,NULL,02:00,05:00,03:00
MSB-VM,VM-YD,Down line,NULL,02:00,05:00,03:00
MSB-VM,MS-MKK, B Line,NULL,22:00,01:00,03:00
MSB-VM,MKK-MBM, B Line,NULL,22:00,01:00,03:00
MSB-VM,MBM-STM, B Line,NULL,22:00,01:00,03:00
MSB-VM,STM-PV, B Line,NULL,22:00,01:00,03:00
MSB-VM,PV-TBM, B Line,NULL,22:00,01:00,03:00
MSB-VM,MS-YD, B Line,NULL,22:00,01:00,03:00
MSB-VM,MKK-YD, B Line,NULL,22:00,01:00,03:00
MSB-VM,MBM-YD, B Line,NULL,22:00,01:00,03:00
MSB-VM,STM-YD, B Line,NULL,22:00,01:00,03:00
MSB-VM,PV-YD, B Line,NULL,22:00,01:00,03:00
MSB-VM,MS-MKK,Up sub urban,NULL,23:00,02:00,03:00
MSB-VM,MKK-MBM,Up sub urban,NULL,23:00,02:00,03:00
MSB-VM,MBM-STM,Up sub urban,NULL,23:00,02:00,03:00
MSB-VM,STM-PV,Up sub urban,NULL,23:00,02:00,03:00
MSB-VM,PV-TBM,Up sub urban,NULL,23:00,02:00,03:00
MSB-VM,MS-YD,Up sub urban,NULL,23:00,02:00,03:00
MSB-VM,MKK-YD,Up sub urban,NULL,23:00,02:00,03:00
MSB-VM,MBM-YD,Up sub urban,NULL,23:00,02:00,03:00
MSB-VM,STM-YD,Up sub urban,NULL,23:00,02:00,03:00
MSB-VM,PV-YD,Up sub urban,NULL,23:00,02:00,03:00
MSB-VM,TBM-PRGL,UP line,NULL,23:00,02:00,03:00
MSB-VM,PRGL-VDR,UP line,NULL,23:00,02:00,03:00
MSB-VM,VDR-UPM,UP line,NULL,23:00,02:00,03:00
MSB-VM,UPM-GI,UP line,NULL,23:00,02:00,03:00
MSB-VM,POTI-CTM,UP line,NULL,23:00,02:00,03:00
MSB-VM,CTM-MMNK,UP line,NULL,23:00,02:00,03:00
MSB-VM,MMNK-SKL,UP line,NULL,23:00,02:00,03:00
MSB-VM,SKL-PWU,UP line,NULL,23:00,02:00,03:00
MSB-VM,PWU-CGL,UP line,NULL,23:00,02:00,03:00
MSB-VM,TBM-YD,UP line,NULL,23:00,02:00,03:00
MSB-VM,VDR-YD,UP line,NULL,23:00,02:00,03:00
MSB-VM,GI-YD,UP line,NULL,23:00,02:00,03:00
MSB-VM,CTM-YD,UP line,NULL,23:00,02:00,03:00
MSB-VM,SKL-YD,UP line,NULL,23:00,02:00,03:00
MSB-VM,CGL-YD,UP line,NULL,23:00,02:00,03:00
MSB-VM,CGL-OV,UP line,NULL,21:10,00:10,03:00
MSB-VM,OV-PTM,UP line,NULL,21:10,00:10,03:00
MSB-VM,PTM-KGZ,UP line,NULL,21:10,00:10,03:00
MSB-VM,KGZ-MMK,UP line,NULL,21:10,00:10,03:00
MSB-VM,MMK-MLMR,UP line,NULL,21:10,00:10,03:00
MSB-VM,MLMR-ACK,UP line,NULL,21:10,00:10,03:00
MSB-VM,ACK-TZD,UP line,NULL,21:10,00:10,03:00
MSB-VM,TZD-OLA,UP line,NULL,21:10,00:10,03:00
MSB-VM,OLA-TMV,UP line,NULL,21:10,00:10,03:00
MSB-VM,TMV-MTL,UP line,NULL,21:10,00:10,03:00
MSB-VM,MTL-PEI,UP line,NULL,21:10,00:10,03:00
MSB-VM,PEI-VVN,UP line,NULL,21:10,00:10,03:00
MSB-VM,VVN-MYP,UP line,NULL,21:10,00:10,03:00
MSB-VM,MYP-VM,UP line,NULL,21:10,00:10,03:00
MSB-VM,OV-YD,UP line,NULL,21:10,00:10,03:00
MSB-VM,KGZ-YD,UP line,NULL,21:10,00:10,03:00
MSB-VM,MMK-YD,UP line,NULL,21:10,00:10,03:00
MSB-VM,MLMR-YD,UP line,NULL,21:10,00:10,03:00
MSB-VM,TZD-YD,UP line,NULL,21:10,00:10,03:00
MSB-VM,OLA-YD,UP line,NULL,21:10,00:10,03:00
MSB-VM,TMV-YD,UP line,NULL,21:10,00:10,03:00
MSB-VM,MTL-YD,UP line,NULL,21:10,00:10,03:00
MSB-VM,PEI-YD,UP line,NULL,21:10,00:10,03:00
MSB-VM,VVN-YD,UP line,NULL,21:10,00:10,03:00
MSB-VM,MYP-YD,UP line,NULL,21:10,00:10,03:00
MSB-VM,VM-YD,UP line,NULL,21:10,00:10,03:00
AJJ-CGL,CGL-RDY,Down line,NULL,01:00,04:00,03:00
AJJ-CGL,RDY-VB,Down line,NULL,01:00,04:00,03:00
AJJ-CGL,VB-PALR,Down line,NULL,01:00,04:00,03:00
AJJ-CGL,PALR-PYV,Down line,NULL,01:00,04:00,03:00
AJJ-CGL,PYV-WJ,Down line,NULL,01:00,04:00,03:00
AJJ-CGL,WJ-NTT,Down line,NULL,01:00,04:00,03:00
AJJ-CGL,NTT-CJ(O),Down line,NULL,01:00,04:00,03:00
AJJ-CGL,CJ(O)-CJ(E),Down line,NULL,01:00,04:00,03:00
AJJ-CGL,CJ(E)-TMLP,Down line,NULL,01:00,04:00,03:00
AJJ-CGL,TMLP-TKO,Down line,NULL,01:00,04:00,03:00
AJJ-CGL,TKO-MLPM,Down line,NULL,01:00,04:00,03:00
AJJ-CGL,MLPM-AJJ,Down line,NULL,01:00,04:00,03:00
AJJ-CGL,CGL-YD,Down line,NULL,01:00,04:00,03:00
AJJ-CGL,PALR-YD,Down line,NULL,01:00,04:00,03:00
AJJ-CGL,WJ-YD,Down line,NULL,01:00,04:00,03:00
AJJ-CGL,CJ(O)-YD,Down line,NULL,01:00,04:00,03:00
AJJ-CGL,CJ(E)-YD,Down line,NULL,01:00,04:00,03:00
AJJ-CGL,TMLP-YD,Down line,NULL,01:00,04:00,03:00
AJJ-CGL,MLPM-YD,Down line,NULL,01:00,04:00,03:00
AJJ-CGL,AJJ-YD,Down line,NULL,01:00,04:00,03:00